Time (s),Current (nA)
17:05:56.521,0.0294
17:05:56.527,0.0271
17:05:56.537,-0.0018
17:05:56.537,0.0013
17:05:56.548,0.02
17:05:56.550,-0.0075
17:05:56.550,0.006
17:05:56.554,0.0124
17:05:56.563,0.0125
17:05:56.571,0.0159
17:05:56.577,0.0052
17:05:56.581,-0.0135
17:05:56.581,0.0336
17:05:56.586,0.0011
17:05:56.589,-0.0092
17:05:56.591,0.0286
17:05:56.591,-0.0163
17:05:56.595,0.016
17:05:56.598,-0.0104
17:05:56.598,0.0164
17:05:56.602,0.0209
17:05:56.605,0.0212
17:05:56.611,-0.016
17:05:56.611,0.0058
17:05:56.627,0.0073
17:05:56.628,0.0535
17:05:56.634,-0.0085
17:05:56.634,0.0482
17:05:56.639,0.0066
17:05:56.641,-0.0024
17:05:56.641,0.0245
17:05:56.645,-0.0142
17:05:56.647,0.0003
17:05:56.648,-0.0033
17:05:56.655,-0.0063
17:05:56.659,-0.0021
17:05:56.659,0.0368
17:05:56.674,0.0053
17:05:56.674,-0.0096
17:05:56.682,-0.0189
17:05:56.684,0.0033
17:05:56.684,0.044
17:05:56.688,0.0095
17:05:56.688,0.02
17:05:56.692,-0.0002
17:05:56.694,0.0149
17:05:56.696,0.0051
17:05:56.696,0.0202
17:05:56.708,0.0182
17:05:56.708,0.0148
17:05:56.719,0.0014
17:05:56.722,-0.0039
17:05:56.726,0.0047
17:05:56.731,-0.0104
17:05:56.733,-0.0191
17:05:56.735,0.0478
17:05:56.735,0.0178
17:05:56.739,0.0131
17:05:56.739,0.042
17:05:56.742,0.0192
17:05:56.744,0.0024
17:05:56.746,-0.0091
17:05:56.747,0.0189
17:05:56.749,0.0046
17:05:56.758,0.0308
17:05:56.763,-0.0206
17:05:56.769,0.0316
17:05:56.774,0.0198
17:05:56.779,0.0119
17:05:56.781,0.0064
17:05:56.784,0.0178
17:05:56.786,0.0164
17:05:56.787,-0.0126
17:05:56.787,0.0318
17:05:56.790,-0.0047
17:05:56.790,-0.0093
17:05:56.794,-0.0084
17:05:56.796,0.013
17:05:56.805,-0.0204
17:05:56.805,-0.0009
17:05:56.817,0.0224
17:05:56.824,0.0265
17:05:56.827,0.0198
17:05:56.830,-0.0025
17:05:56.830,0.0118
17:05:56.833,0.0031
17:05:56.835,0.0152
17:05:56.837,0.0249
17:05:56.839,0.0249
17:05:56.839,0.0015
17:05:56.851,-0.0097
17:05:56.851,0.0017
17:05:56.865,0.0526
17:05:56.870,-0.0065
17:05:56.873,0.0024
17:05:56.876,0.0196
17:05:56.878,0.0085
17:05:56.878,0.0122
17:05:56.882,0.0171
17:05:56.884,0.0197
17:05:56.886,0.0283
17:05:56.887,0.0106
17:05:56.888,-0.0037
17:05:56.890,0.0081
17:05:56.898,-0.002
17:05:56.905,-0.0284
17:05:56.913,0.0165
17:05:56.917,-0.0081
17:05:56.921,0.009
17:05:56.923,-0.0061
17:05:56.926,0.0028
17:05:56.928,0.0101
17:05:56.931,0.0261
17:05:56.931,-0.0047
17:05:56.934,0.0037
17:05:56.936,0.0181
17:05:56.936,-0.0097
17:05:56.940,0.0198
17:05:56.943,0.0111
17:05:56.948,0.0229
17:05:56.960,0.0403
17:05:56.965,-0.0156
17:05:56.970,0.0081
17:05:56.970,0.0011
17:05:56.976,-0.0046
17:05:56.977,0.0077
17:05:56.979,0.0083
17:05:56.979,0.0183
17:05:56.984,0.0161
17:05:56.986,-0.0182
17:05:56.988,0.0181
17:05:56.988,-0.0088
17:05:56.992,0.0117
17:05:56.995,0.0165
17:05:56.995,0.0119
17:05:57.010,-0.002
17:05:57.017,0.0235
17:05:57.020,0.0306
17:05:57.024,0.0043
17:05:57.024,0.013
17:05:57.029,0.0045
17:05:57.029,-0.0204
17:05:57.032,0.0249
17:05:57.034,0.0043
17:05:57.034,-0.0182
17:05:57.038,0.0069
17:05:57.040,0.0028
17:05:57.041,0.024
17:05:57.041,0.0217
17:05:57.045,0.0281
17:05:57.045,0.0015
17:05:57.061,-0.0104
17:05:57.061,0.0058
17:05:57.072,-0.0141
17:05:57.072,0.0271
17:05:57.078,0.0097
17:05:57.078,-0.0043
17:05:57.078,0.0093
17:05:57.083,0.0136
17:05:57.085,-0.006
17:05:57.087,0.0064
17:05:57.087,0.0141
17:05:57.091,0.0352
17:05:57.093,0.0155
17:05:57.095,0.0381
17:05:57.111,-0.0006
17:05:57.116,0.0046
17:05:57.119,0.0007
17:05:57.122,-0.0159
17:05:57.123,0.0093
17:05:57.126,0.0349
17:05:57.129,0.0314
17:05:57.129,-0.0001
17:05:57.132,0.0105
17:05:57.135,0.0023
17:05:57.135,-0.0124
17:05:57.137,0.0174
17:05:57.139,-0.0047
17:05:57.151,0.0102
17:05:57.161,0.0129
17:05:57.166,0.0245
17:05:57.169,0.0033
17:05:57.172,0.0017
17:05:57.174,0.025
17:05:57.177,0.0186
17:05:57.179,0.0154
17:05:57.182,0.0001
17:05:57.185,0.0444
17:05:57.185,-0.0123
17:05:57.185,0.0191
17:05:57.189,-0.0013
17:05:57.189,0.0182
17:05:57.192,-0.0043
17:05:57.194,0.0192
17:05:57.198,-0.0047
17:05:57.210,0.006
17:05:57.214,0.0112
17:05:57.221,0.0066
17:05:57.224,0.0107
17:05:57.224,0.016
17:05:57.229,0.0008
17:05:57.229,-0.0206
17:05:57.233,-0.016
17:05:57.233,-0.017
17:05:57.236,0.0074
17:05:57.236,0.0252
17:05:57.240,0.0186
17:05:57.242,0.0137
17:05:57.243,-0.0034
17:05:57.245,-0.0042
17:05:57.261,0.0088
17:05:57.266,-0.0039
17:05:57.271,0.0071
17:05:57.273,0.0173
17:05:57.273,0.0106
17:05:57.277,0.0152
17:05:57.277,-0.0107
17:05:57.280,0.009
17:05:57.282,0.0156
17:05:57.284,0.0306
17:05:57.285,-0.009
17:05:57.287,-0.0043
17:05:57.293,-0.0126
17:05:57.293,0.0035
17:05:57.308,-0.0264
17:05:57.308,0.0169
17:05:57.314,-0.0005
17:05:57.314,0.0173
17:05:57.319,-0.0162
17:05:57.321,0.0454
17:05:57.324,0.0167
17:05:57.326,0.0073
17:05:57.327,0.0189
17:05:57.329,0.017
17:05:57.330,0.0234
17:05:57.332,0.0387
17:05:57.334,0.0069
17:05:57.345,-0.0113
17:05:57.354,-0.0162
17:05:57.358,0.0101
17:05:57.361,0.0076
17:05:57.364,-0.0104
17:05:57.364,-0.011
17:05:57.366,0.0149
17:05:57.368,-0.0176
17:05:57.370,-0.0106
17:05:57.374,0.0329
17:05:57.374,0.0098
17:05:57.376,-0.0235
17:05:57.377,0.0047
17:05:57.379,0.0019
17:05:57.379,0.006
17:05:57.389,0.0223
17:05:57.396,0.0129
17:05:57.404,-0.0136
17:05:57.407,0.0046
17:05:57.410,0.005
17:05:57.412,0.034
17:05:57.412,0.0096
17:05:57.415,0.0087
17:05:57.417,0.0027
17:05:57.421,0.0073
17:05:57.422,0.0231
17:05:57.422,0.0105
17:05:57.426,0.0002
17:05:57.426,0.0351
17:05:57.430,0.0066
17:05:57.438,-0.0025
17:05:57.438,-0.0096
17:05:57.451,0.0053
17:05:57.456,0.0258
17:05:57.456,-0.0083
17:05:57.459,-0.0182
17:05:57.461,0.0041
17:05:57.461,-0.0022
17:05:57.465,-0.0156
17:05:57.467,0.0229
17:05:57.469,-0.0138
17:05:57.470,0.0089
17:05:57.472,0.0008
17:05:57.474,0.0096
17:05:57.483,0.0117
17:05:57.483,-0.0019
17:05:57.496,0.0147
17:05:57.499,-0.0181
17:05:57.499,0.0192
17:05:57.504,-0.0057
17:05:57.506,0.0499
17:05:57.508,0.006
17:05:57.510,0.0218
17:05:57.511,0.0314
17:05:57.511,0.0069
17:05:57.515,-0.0079
17:05:57.517,0.0001
17:05:57.518,-0.0167
17:05:57.533,0.0058
17:05:57.533,0.0026
17:05:57.533,0.0212
17:05:57.546,0.0445
17:05:57.547,0.0342
17:05:57.551,-0.0181
17:05:57.551,0.0043
17:05:57.553,-0.0058
17:05:57.555,-0.0312
17:05:57.556,-0.0078
17:05:57.558,0.0043
17:05:57.560,-0.018
17:05:57.563,0.0145
17:05:57.575,-0.0002
17:05:57.580,0.0005
17:05:57.586,0.011
17:05:57.586,0.0127
17:05:57.591,0.009
17:05:57.593,0.0107
17:05:57.595,0.0322
17:05:57.598,-0.0169
17:05:57.598,-0.0194
17:05:57.600,0.0087
17:05:57.602,0.0115
17:05:57.603,0.0288
17:05:57.605,0.0074
17:05:57.606,0.0079
17:05:57.610,0.0043
17:05:57.610,0.013
17:05:57.626,0.0187
17:05:57.634,0.016
17:05:57.638,0.0029
17:05:57.641,-0.0115
17:05:57.642,0.0116
17:05:57.646,0.0334
17:05:57.646,0.0338
17:05:57.646,0.0011
17:05:57.651,0.0027
17:05:57.653,0.002
17:05:57.655,0.0569
17:05:57.658,0.0075
17:05:57.658,0.0082
17:05:57.666,0.0029
17:05:57.676,0.0188
17:05:57.678,0.0213
17:05:57.686,0.0023
17:05:57.688,-0.0324
17:05:57.691,0.0196
17:05:57.693,-0.0368
17:05:57.696,-0.0197
17:05:57.697,-0.0074
17:05:57.697,0.0085
17:05:57.701,0.0066
17:05:57.703,-0.0022
17:05:57.705,0.0058
17:05:57.707,-0.0549
17:05:57.708,0.0157
17:05:57.710,0.0077
17:05:57.721,0.0116
17:05:57.731,0.0387
17:05:57.736,-0.022
17:05:57.737,0.0255
17:05:57.741,0.0112
17:05:57.743,0.0078
17:05:57.745,-0.0115
17:05:57.745,0.0261
17:05:57.748,0.0389
17:05:57.750,-0.0153
17:05:57.753,0.0209
17:05:57.754,0.0103
17:05:57.757,0.017
17:05:57.763,-0.0111
17:05:57.769,0.0027
17:05:57.769,0.0111
17:05:57.782,0.021
17:05:57.785,0.0278
17:05:57.788,-0.001
17:05:57.790,0.0133
17:05:57.792,0.0167
17:05:57.795,-0.0006
17:05:57.795,-0.0036
17:05:57.798,0.0267
17:05:57.801,0.0123
17:05:57.802,0.0032
17:05:57.804,0.0038
17:05:57.804,-0.005
17:05:57.807,0.035
17:05:57.809,0.0033
17:05:57.818,-0.0019
17:05:57.818,0.0472
17:05:57.833,0.0114
17:05:57.833,0.0354
17:05:57.838,0.0406
17:05:57.840,0.0376
17:05:57.840,0.0274
17:05:57.843,0.0308
17:05:57.845,-0.0055
17:05:57.848,0.0113
17:05:57.850,0.0335
17:05:57.851,-0.0242
17:05:57.853,0.0094
17:05:57.855,0.0068
17:05:57.856,-0.0032
17:05:57.858,0.0206
17:05:57.866,0.0075
17:05:57.866,0.0207
17:05:57.882,-0.0025
17:05:57.885,-0.0013
17:05:57.888,0.0012
17:05:57.888,0.0125
17:05:57.891,-0.0311
17:05:57.893,0.002
17:05:57.897,0.0126
17:05:57.898,0.0287
17:05:57.899,0.0222
17:05:57.899,0.008
17:05:57.902,-0.0027
17:05:57.904,0.0258
17:05:57.906,-0.0028
17:05:57.915,-0.0015
17:05:57.926,-0.0129
17:05:57.930,0.0206
17:05:57.932,-0.0007
17:05:57.935,0.0216
17:05:57.935,0.0049
17:05:57.940,-0.0047
17:05:57.941,0.0143
17:05:57.945,-0.0031
17:05:57.945,0.0335
17:05:57.948,-0.0009
17:05:57.948,-0.0127
17:05:57.951,-0.0111
17:05:57.953,0.0104
17:05:57.955,0.0053
17:05:57.956,-0.0056
17:05:57.965,0.0101
17:05:57.965,-0.0065
17:05:57.976,0.0163
17:05:57.983,0.0191
17:05:57.985,0.0131
17:05:57.988,-0.0165
17:05:57.988,0.0023
17:05:57.992,0.0243
17:05:57.992,-0.0035
17:05:57.995,-0.008
17:05:57.995,0.0326
17:05:57.998,0.0416
17:05:58.002,0.0028
17:05:58.008,0.0399
17:05:58.008,0.0038
17:05:58.024,-0.0066
17:05:58.028,0.0073
17:05:58.030,0.0186
17:05:58.034,0.0207
17:05:58.034,0.0129
17:05:58.039,-0.0007
17:05:58.040,0.0368
17:05:58.042,0.0151
17:05:58.042,0.0245
17:05:58.045,0.0058
17:05:58.048,0.0233
17:05:58.048,-0.0006
17:05:58.058,0.0159
17:05:58.058,-0.0082
17:05:58.071,0.0291
17:05:58.077,0.0132
17:05:58.081,-0.016
17:05:58.083,0.0248
17:05:58.085,0.0229
17:05:58.088,-0.0041
17:05:58.088,0.0011
17:05:58.090,0.0176
17:05:58.090,0.0244
17:05:58.095,0.0171
17:05:58.095,0.0094
17:05:58.097,0.0282
17:05:58.099,0.001
17:05:58.102,-0.0026
17:05:58.118,-0.0324
17:05:58.118,0.0046
17:05:58.127,0.0247
17:05:58.129,-0.0165
17:05:58.131,-0.0202
17:05:58.131,-0.0125
17:05:58.136,0.0044
17:05:58.136,0.0152
17:05:58.138,0.0175
17:05:58.140,0.0004
17:05:58.142,-0.0091
17:05:58.152,0.0142
17:05:58.152,-0.0164
17:05:58.166,0.0047
17:05:58.169,0.0147
17:05:58.173,0.0048
17:05:58.174,-0.0148
17:05:58.176,0.0231
17:05:58.176,-0.0018
17:05:58.182,0.0247
17:05:58.182,0.0221
17:05:58.182,0.0245
17:05:58.186,-0.0089
17:05:58.188,0.0273
17:05:58.194,0.0209
17:05:58.198,0.0428
17:05:58.198,0.0142
17:05:58.215,0.0217
17:05:58.217,0.004
17:05:58.220,0.006
17:05:58.223,-0.0142
17:05:58.225,0.0169
17:05:58.227,0.0062
17:05:58.227,0.0331
17:05:58.232,0.0215
17:05:58.233,-0.011
17:05:58.235,0.0017
17:05:58.237,0.042
17:05:58.239,0.01
17:05:58.483,0.009
17:05:58.483,-0.0227
17:05:58.483,-0.0035
17:05:58.491,0.0131
17:05:58.499,0.0175
17:05:58.508,0.0085
17:05:58.515,0.0029
17:05:58.515,0.0109
17:05:58.515,0.0126
17:05:58.522,-0.0165
17:05:58.522,0.0205
17:05:58.528,0.0251
17:05:58.530,0.0224
17:05:58.530,0.002
17:05:58.534,-0.0213
17:05:58.536,0.0078
17:05:58.538,0.0203
17:05:58.540,0.0123
17:05:58.540,0.0058
17:05:58.544,0.0095
17:05:58.551,0.0201
17:05:58.561,0.0332
17:05:58.561,0.0202
17:05:58.571,0.0053
17:05:58.574,0.0231
17:05:58.576,0.0045
17:05:58.577,-0.0015
17:05:58.580,0.0248
17:05:58.580,-0.0017
17:05:58.582,-0.0144
17:05:58.585,0.0086
17:05:58.585,0.0151
17:05:58.588,-0.0027
17:05:58.596,-0.0058
17:05:58.604,-0.0252
17:05:58.607,-0.0025
17:05:58.612,-0.0099
17:05:58.612,0.0248
17:05:58.612,0.0093
17:05:58.623,0.0058
17:05:58.625,0.0014
17:05:58.628,0.0226
17:05:58.628,0.0104
17:05:58.632,0.0163
17:05:58.632,0.0191
17:05:58.635,0.023
17:05:58.641,0.0267
17:05:58.641,-0.0047
17:05:58.658,0.0331
17:05:58.658,0.0102
17:05:58.662,0.0324
17:05:58.662,0.0119
17:05:58.662,0.0074
17:05:58.670,0.0002
17:05:58.672,0.003
17:05:58.674,-0.0047
17:05:58.676,0.0026
17:05:58.678,-0.0245
17:05:58.678,0.0083
17:05:58.680,-0.0176
17:05:58.688,-0.0088
17:05:58.694,0.0071
17:05:58.702,0.0059
17:05:58.707,0.0411
17:05:58.710,-0.0202
17:05:58.712,0.0121
17:05:58.716,-0.0188
17:05:58.716,0.0268
17:05:58.718,0.0132
17:05:58.721,-0.0156
17:05:58.721,0.0063
17:05:58.724,0.0205
17:05:58.724,0.0054
17:05:58.728,-0.0027
17:05:58.728,0.0113
17:05:58.732,0.0198
17:05:58.734,0.0154
17:05:58.734,0.0062
17:05:58.749,0.0209
17:05:58.758,-0.0066
17:05:58.759,0.0117
17:05:58.764,-0.0063
17:05:58.765,0.0229
17:05:58.767,0.0288
17:05:58.769,0.004
17:05:58.771,0.0047
17:05:58.773,-0.0025
17:05:58.775,0.013
17:05:58.777,0.0106
17:05:58.779,0.0276
17:05:58.782,0.006
17:05:58.784,-0.0136
17:05:58.784,0.0131
17:05:58.786,0.02
17:05:58.799,0.0356
17:05:58.807,0.0014
17:05:58.810,-0.0072
17:05:58.813,0.0086
17:05:58.815,0.0123
17:05:58.818,0.0432
17:05:58.820,0.0047
17:05:58.822,0.0303
17:05:58.824,0.01
17:05:58.826,0.0139
17:05:58.828,0.0002
17:05:58.830,0.0031
17:05:58.832,0.0033
17:05:58.832,0.0321
17:05:58.834,0.0028
17:05:58.836,0.0052
17:05:58.838,-0.003
17:05:58.847,-0.0346
17:05:58.847,0.0057
17:05:58.860,0.0064
17:05:58.865,0.0112
17:05:58.868,-0.012
17:05:58.870,0.0179
17:05:58.870,0.0408
17:05:58.877,0.0368
17:05:58.880,0.0047
17:05:58.880,0.0008
17:05:58.880,0.0326
17:05:58.884,0.0168
17:05:58.886,0.004
17:05:58.889,0.0153
17:05:58.891,-0.0103
17:05:58.893,0.017
17:05:58.906,0.0297
17:05:58.908,0.011
17:05:58.916,-0.025
17:05:58.919,-0.009
17:05:58.922,0.0244
17:05:58.924,0.0016
17:05:58.926,0.018
17:05:58.927,0.0257
17:05:58.929,0.0104
17:05:58.931,-0.0071
17:05:58.933,0.0078
17:05:58.933,0.0035
17:05:58.937,0.0272
17:05:58.940,0.0174
17:05:58.941,-0.0229
17:05:58.943,-0.0096
17:05:58.943,0.0183
17:05:58.960,0.0478
17:05:58.960,-0.0141
17:05:58.969,0.0065
17:05:58.972,-0.0071
17:05:58.973,0.0189
17:05:58.973,-0.0054
17:05:58.973,0.0096
17:05:58.980,0.0091
17:05:58.983,0.0025
17:05:58.986,-0.0057
17:05:58.987,-0.0179
17:05:58.988,-0.0031
17:05:58.990,0.0103
17:05:58.990,-0.0135
17:05:58.994,0.0274
17:05:59.003,-0.0004
17:05:59.003,0.0325
17:05:59.003,0.0149
17:05:59.021,0.0003
17:05:59.024,-0.0139
17:05:59.024,-0.0005
17:05:59.024,-0.0234
17:05:59.028,0.0085
17:05:59.032,0.0217
17:05:59.033,0.0191
17:05:59.035,0.0191
17:05:59.035,0.0005
17:05:59.038,0.0177
17:05:59.038,0.0194
17:05:59.041,0.0146
17:05:59.051,0.0308
17:05:59.051,0.0047
17:05:59.063,-0.0075
17:05:59.067,0.0136
17:05:59.067,-0.0021
17:05:59.067,0.0058
17:05:59.074,0.0166
17:05:59.076,0.0035
17:05:59.078,0.0411
17:05:59.080,-0.0036
17:05:59.083,0.0284
17:05:59.085,0.012
17:05:59.085,0.0261
17:05:59.087,0.0188
17:05:59.089,0.0005
17:05:59.091,-0.0343
17:05:59.099,0.0304
17:05:59.112,0.0212
17:05:59.116,0.0147
17:05:59.118,0.0193
17:05:59.121,0.0011
17:05:59.124,0.0368
17:05:59.127,0.0155
17:05:59.129,0.0111
17:05:59.131,0.0128
17:05:59.133,0.0179
17:05:59.136,0.0033
17:05:59.139,-0.0161
17:05:59.141,0.0053
17:05:59.141,0.0347
17:05:59.143,-0.0061
17:05:59.146,0.0203
17:05:59.146,0.0054
17:05:59.151,0.0217
17:05:59.151,0.0249
17:05:59.153,0.0097
17:05:59.153,0.0013
17:05:59.157,-0.0081
17:05:59.164,0.0317
17:05:59.167,-0.004
17:05:59.178,0.0234
17:05:59.182,0.0033
17:05:59.186,0.0263
17:05:59.189,0.0252
17:05:59.191,0.0117
17:05:59.193,0.0524
17:05:59.193,-0.0017
17:05:59.198,-0.0068
17:05:59.200,-0.0096
17:05:59.203,-0.0117
17:05:59.203,0.0164
17:05:59.205,0.0195
17:05:59.206,0.0001
17:05:59.208,0.0148
17:05:59.216,-0.0056
17:05:59.226,0.0222
17:05:59.232,0.0066
17:05:59.235,0.0046
17:05:59.237,-0.0154
17:05:59.240,0.0174
17:05:59.242,0.0046
17:05:59.245,0.0117
17:05:59.245,0.0097
17:05:59.248,0.0313
17:05:59.250,0.022
17:05:59.252,0.0246
17:05:59.254,0.0064
17:05:59.254,-0.0051
17:05:59.257,0.0235
17:05:59.265,0.008
17:05:59.276,0.0029
17:05:59.281,-0.0045
17:05:59.283,0.0274
17:05:59.285,0.025
17:05:59.289,0.039
17:05:59.290,0.014
17:05:59.290,0.0249
17:05:59.294,0.0035
17:05:59.296,0.0577
17:05:59.299,0.0462
17:05:59.299,0.0248
17:05:59.302,0.0099
17:05:59.312,-0.0061
17:05:59.320,0.0323
17:05:59.320,0.044
17:05:59.320,0.0815
17:05:59.331,0.073
17:05:59.335,0.1414
17:05:59.338,0.144
17:05:59.340,0.1849
17:05:59.340,0.1551
17:05:59.345,0.1869
17:06:28.518,0.0052
17:06:28.734,0.0231
17:06:28.797,0.0154
17:06:28.860,0.0249
17:06:28.925,-0.0057
17:06:29.010,0.0056
17:06:29.074,0.0273
17:06:29.152,-0.0069
17:06:29.216,0.0241
17:06:29.281,0.0311
17:06:29.334,0.0129
17:06:29.415,-0.0044
17:06:29.479,-0.0221
17:06:29.527,-0.01
17:06:29.590,0.0022
17:06:29.672,0.0204
17:06:29.728,0.0239
17:06:29.806,0.0367
17:06:29.870,-0.0031
17:06:29.932,0.0038
17:06:30.013,0.0043
17:06:30.083,0.0139
17:06:30.148,-0.0329
17:06:30.234,0.0117
17:06:30.302,0.0029
17:06:30.384,-0.0011
17:06:30.451,-0.028
17:06:30.536,0.0179
17:06:30.593,0.0144
17:06:30.644,0.0085
17:06:30.677,-0.0041
17:06:30.717,0.0406
17:06:30.740,0.0034
17:06:30.804,-0.0225
17:06:30.897,0.0177
17:06:30.960,0.0014
17:06:31.019,0.0083
17:06:31.081,-0.0006
17:06:31.135,0.0026
17:06:31.233,-0.0054
17:06:31.265,0.0058
17:06:31.295,-0.0143
17:06:31.381,0.014
17:06:31.465,-0.0311
17:06:31.536,-0.0229
17:06:31.596,0.0272
17:06:31.624,0.018
17:06:31.688,-0.0006
17:06:31.766,0.0115
17:06:31.813,0.0195
17:06:31.842,0.01
17:06:31.926,0.0179
17:06:31.979,0.0131
17:06:32.063,0.0197
17:06:32.132,0.0161
17:06:32.164,-0.0172
17:06:32.191,0.007
17:06:32.253,0.0098
17:06:32.335,0.0028
17:06:32.402,-0.004
17:06:32.467,0.0112
17:06:32.547,0.0177
17:06:32.617,-0.0039
17:06:32.670,-0.0139
17:06:32.762,-0.0028
17:06:32.823,0.0183
17:06:32.856,0.0248
17:06:32.919,0.021
17:06:32.981,0.025
17:06:33.039,0.0274
17:06:33.093,0.0226
17:06:33.187,-0.0036
17:06:33.281,0.016
17:06:33.369,0.0094
17:06:33.453,-0.0055
17:06:33.486,0.0178
17:06:33.505,-0.0085
17:06:33.535,0.0025
17:06:33.627,0.0077
17:06:33.688,0.0167
17:06:33.773,0.0192
17:06:33.840,0.0494
17:06:33.903,0.0237
17:06:33.959,0.0072
17:06:34.009,0.0248
17:06:34.083,-0.0097
17:06:34.135,-0.0021
17:06:34.180,0.0108
17:06:34.252,-0.0057
17:06:34.286,0.0249
17:06:34.357,0.0032
17:06:34.422,-0.0331
17:06:34.483,0.0272
17:06:34.547,-0.0154
17:06:34.592,-0.0031
17:06:34.654,0.0423
17:06:34.717,-0.0066
17:06:34.782,0.004
17:06:34.828,0.0024
17:06:34.891,0.005
17:06:34.973,0.0181
17:06:35.037,0.0293
17:06:35.065,0.0068
17:06:35.146,0.016
17:06:35.206,0.0133
17:06:35.270,0.0271
17:06:35.335,-0.0031
17:06:35.398,0.0198
17:06:35.444,0.0252
17:06:35.506,-0.0053
17:06:35.569,0.0114
17:06:35.644,-0.0252
17:06:35.695,-0.0089
17:06:35.758,0.0216
17:06:35.834,0.0135
17:06:35.906,-0.0119
17:06:35.964,0.0007
17:06:35.981,-0.0017
17:06:36.043,0.02
17:06:36.059,-0.014
17:06:36.124,-0.0321
17:06:36.189,0.0276
17:06:36.266,-0.0083
17:06:36.329,-0.0071
17:06:36.378,0.005
17:06:36.440,-0.0021
17:06:36.510,-0.0145
17:06:36.554,0.0104
17:06:36.617,0.0355
17:06:36.685,0.015
17:06:36.724,0.0322
17:06:36.805,0.0303
17:06:36.853,0.0108
17:06:36.915,0.0064
17:06:36.978,-0.0028
17:06:37.042,-0.0162
17:06:37.106,-0.0051
17:06:37.167,0.0066
17:06:37.230,0.0312
17:06:37.299,-0.0058
17:06:37.361,0.0071
17:06:37.404,0.0061
17:06:37.467,-0.008
17:06:37.546,-0.0346
17:06:37.624,-0.0234
17:06:37.704,0.0181
17:06:37.766,-0.001
17:06:37.814,0.0247
17:06:37.902,0.0176
17:06:37.927,-0.0222
17:06:37.955,0.0308
17:06:37.988,-0.0022
17:06:38.058,-0.0102
17:06:38.128,0.0141
17:06:38.186,0.0026
17:06:38.239,0.0036
17:06:38.302,-0.0376
17:06:38.379,0.0361
17:06:38.441,0.0227
17:06:38.468,-0.0112
17:06:38.525,0.0352
17:06:38.541,0.0148
17:06:38.635,0.011
17:06:38.699,0.0243
17:06:38.761,0.0142
17:06:38.838,-0.0205
17:06:38.901,-0.0055
17:06:38.980,0.02
17:06:39.043,-0.0187
17:06:39.132,0.0051
17:06:39.185,0.0054
17:06:39.264,0.0293
17:06:39.346,0.0213
17:06:39.405,0.0319
17:06:39.471,-0.0053
17:06:39.552,0.0014
17:06:39.619,-0.0071
17:06:39.699,0.0046
17:06:39.773,0.022
17:06:39.833,0.0206
17:06:39.896,0.0024
17:06:39.979,0.0037
17:06:40.026,-0.0012
17:06:40.088,0.0012
17:06:40.165,0.0306
17:06:40.228,-0.0355
17:06:40.245,0.0246
17:06:40.306,0.0317
17:06:40.338,0.0066
17:06:40.425,0.0199
17:06:40.479,0.0164
17:06:40.545,0.004
17:06:40.576,0.0052
17:06:40.670,-0.0243
17:06:40.735,-0.0005
17:06:40.796,0.0214
17:06:40.859,-0.0126
17:06:40.938,-0.0006
17:06:41.003,-0.0114
17:06:41.065,-0.0119
17:06:41.143,-0.002
17:06:41.208,0.0024
17:06:41.270,0.0029
17:06:41.325,0.0186
17:06:41.383,0.0231
17:06:41.443,0.0142
17:06:41.522,0.031
17:06:41.584,-0.0075
17:06:41.672,-0.0012
17:06:41.734,0.0333
17:06:41.790,0.0182
17:06:41.853,0.0146
17:06:41.916,0.0249
17:06:41.997,-0.0159
17:06:42.058,0.0142
17:06:42.121,0.0157
17:06:42.154,0.0171
17:06:42.232,0.024
17:06:42.267,0.0055
17:06:42.326,-0.0123
17:06:42.388,-0.0069
17:06:42.425,0.0154
17:06:42.485,-0.0119
17:06:42.501,-0.0006
17:06:42.565,0.0302
17:06:42.643,-0.0162
17:06:42.706,0.0214
17:06:42.770,0.0262
17:06:42.785,-0.0042
17:06:42.853,-0.0034
17:06:42.896,0.0029
17:06:42.969,0.0141
17:06:43.048,0.0012
17:06:43.104,0.0204
17:06:43.201,-0.0012
17:06:43.229,-0.0145
17:06:43.292,-0.0202
17:06:43.374,0.02
17:06:43.421,0.0059
17:06:43.434,0.0423
17:06:43.530,0.0319
17:06:43.590,0.014
17:06:43.672,0.0161
17:06:43.735,0.0164
17:06:43.783,0.0311
17:06:43.862,0.0247
17:06:43.909,0.002
17:06:44.000,0.0
17:06:44.065,-0.0136
17:06:44.115,-0.0075
17:06:44.194,0.012
17:06:44.277,-0.0113
17:06:44.339,-0.0026
17:06:44.386,0.0138
17:06:44.447,0.0016
17:06:44.524,0.0095
17:06:44.582,0.0517
17:06:44.636,-0.0031
17:06:44.725,0.0304
17:06:44.789,0.0028
17:06:44.852,0.0171
17:06:44.939,0.0215
17:06:45.006,0.0184
17:06:45.076,0.0203
17:06:45.153,-0.0041
17:06:45.204,0.0174
17:06:45.290,0.0
17:06:45.347,0.0154
17:06:45.410,0.0108
17:06:45.498,0.0242
17:06:45.557,0.0198
17:06:45.614,-0.0033
17:06:45.694,0.0133
17:06:45.751,0.0267
17:06:45.802,0.0114
17:06:45.869,0.0111
17:06:45.897,0.0336
17:06:45.955,0.024
17:06:46.018,0.0257
17:06:46.101,-0.0279
17:06:46.156,-0.0019
17:06:46.217,-0.0179
17:06:46.275,-0.0032
17:06:46.353,0.0025
17:06:46.416,-0.0047
17:06:46.511,-0.0204
17:06:46.549,0.015
17:06:46.591,-0.0034
17:06:46.657,0.0008
17:06:46.685,-0.007
17:06:46.750,0.0164
17:06:46.831,-0.0256
17:06:46.874,0.0366
17:06:46.940,0.0243
17:06:47.017,-0.004
17:06:47.109,0.0189
17:06:47.158,-0.0042
17:06:47.221,0.0064
17:06:47.315,0.0006
17:06:47.378,0.0139
17:06:47.443,0.0013
17:06:47.520,0.0237
17:06:47.581,0.0077
17:06:47.646,0.0331
17:06:47.729,0.0162
17:06:47.789,0.0082
17:06:47.836,-0.0069
17:06:47.902,0.0376
17:06:47.963,0.0085
17:06:48.059,0.0002
17:06:48.126,0.0087
17:06:48.188,-0.0149
17:06:48.247,0.0084
17:06:48.297,0.0145
17:06:48.376,-0.0013
17:06:48.454,-0.0043
17:06:48.519,-0.0359
17:06:48.588,0.0179
17:06:48.610,0.0196
17:06:48.678,0.0042
17:06:48.736,-0.0188
17:06:48.800,-0.0085
17:06:48.884,-0.0168
17:06:48.958,0.0121
17:06:49.037,0.0017
17:06:49.100,0.011
17:06:49.184,-0.0195
17:06:49.247,0.0244
17:06:49.336,-0.0236
17:06:49.397,0.0278
17:06:49.464,-0.0026
17:06:49.528,0.0023
17:06:49.585,0.0467
17:06:49.649,0.0578
17:06:49.680,0.0169
